INSERT INTO User
VALUES('sportslover', 'Paul', 'Walker', 'paulpass93', 'sportslover@hotmail.com');

INSERT INTO Album
VALUES(1, 'I love sports', '2015-09-14', '2015-09-14', 'sportslover','public');

INSERT INTO Album
VALUES(2, 'I love football', '2015-09-14', '2015-09-14', 'sportslover', 'public');

INSERT INTO User
VALUES('traveler', 'Rebecca', 'Travolta', 'rebeccapass15', 'rebt@explorer.org');

INSERT INTO Album
VALUES(3, 'Around The World', '2015-09-14', '2015-09-14', 'traveler', 'public');

INSERT INTO User
VALUES('spacejunkie', 'Bob', 'Spacey', 'bob1pass', 'bspace@spacejunkies.net');

INSERT INTO Album
VALUES(4, 'Cool Space Shots', '2015-09-14', '2015-09-14', 'spacejunkie', 'private');

INSERT INTO Photo
VALUES('football_s1', '/pictures/football_s1.jpg', 'jpg', '2015-09-14');


INSERT INTO Contain
VALUES(2, 'football_s1', 'football_s1.jpg', 0);


INSERT INTO Photo
VALUES('football_s2', '/pictures/football_s2.jpg', 'jpg', '2015-09-14');


INSERT INTO Contain
VALUES(2, 'football_s2', 'football_s2.jpg', 1);


INSERT INTO Photo
VALUES('football_s3', '/pictures/football_s3.jpg', 'jpg', '2015-09-14');


INSERT INTO Contain
VALUES(2, 'football_s3', 'football_s3.jpg', 2);


INSERT INTO Photo
VALUES('football_s4', '/pictures/football_s4.jpg', 'jpg', '2015-09-14');


INSERT INTO Contain
VALUES(2, 'football_s4', 'football_s4.jpg', 3);


INSERT INTO Photo
VALUES('space_EagleNebula', '/pictures/space_EagleNebula.jpg', 'jpg', '2015-09-14');


INSERT INTO Contain
VALUES(4, 'space_EagleNebula', 'space_EagleNebula.jpg', 0);


INSERT INTO Photo
VALUES('space_GalaxyCollision', '/pictures/space_GalaxyCollision.jpg', 'jpg', '2015-09-14');


INSERT INTO Contain
VALUES(4, 'space_GalaxyCollision', 'space_GalaxyCollision.jpg', 1);


INSERT INTO Photo
VALUES('space_HelixNebula', '/pictures/space_HelixNebula.jpg', 'jpg', '2015-09-14');


INSERT INTO Contain
VALUES(4, 'space_HelixNebula', 'space_HelixNebula.jpg', 2);


INSERT INTO Photo
VALUES('space_MilkyWay', '/pictures/space_MilkyWay.jpg', 'jpg', '2015-09-14');


INSERT INTO Contain
VALUES(4, 'space_MilkyWay', 'space_MilkyWay.jpg', 3);


INSERT INTO Photo
VALUES('space_OrionNebula', '/pictures/space_OrionNebula.jpg', 'jpg', '2015-09-14');


INSERT INTO Contain
VALUES(4, 'space_OrionNebula', 'space_OrionNebula.jpg', 4);


INSERT INTO Photo
VALUES('sports_s1', '/pictures/sports_s1.jpg', 'jpg', '2015-09-14');


INSERT INTO Contain
VALUES(1, 'sports_s1', 'sports_s1.jpg', 0);


INSERT INTO Photo
VALUES('sports_s2', '/pictures/sports_s2.jpg', 'jpg', '2015-09-14');


INSERT INTO Contain
VALUES(1, 'sports_s2', 'sports_s2.jpg', 1);


INSERT INTO Photo
VALUES('sports_s3', '/pictures/sports_s3.jpg', 'jpg', '2015-09-14');


INSERT INTO Contain
VALUES(1, 'sports_s3', 'sports_s3.jpg', 2);


INSERT INTO Photo
VALUES('sports_s4', '/pictures/sports_s4.jpg', 'jpg', '2015-09-14');


INSERT INTO Contain
VALUES(1, 'sports_s4', 'sports_s4.jpg', 3);


INSERT INTO Photo
VALUES('sports_s5', '/pictures/sports_s5.jpg', 'jpg', '2015-09-14');


INSERT INTO Contain
VALUES(1, 'sports_s5', 'sports_s5.jpg', 4);


INSERT INTO Photo
VALUES('sports_s6', '/pictures/sports_s6.jpg', 'jpg', '2015-09-14');


INSERT INTO Contain
VALUES(1, 'sports_s6', 'sports_s6.jpg', 5);


INSERT INTO Photo
VALUES('sports_s7', '/pictures/sports_s7.jpg', 'jpg', '2015-09-14');


INSERT INTO Contain
VALUES(1, 'sports_s7', 'sports_s7.jpg', 6);


INSERT INTO Photo
VALUES('sports_s8', '/pictures/sports_s8.jpg', 'jpg', '2015-09-14');


INSERT INTO Contain
VALUES(1, 'sports_s8', 'sports_s8.jpg', 7);


INSERT INTO Photo
VALUES('world_EiffelTower', '/pictures/world_EiffelTower.jpg', 'jpg', '2015-09-14');


INSERT INTO Contain
VALUES(3, 'world_EiffelTower', 'world_EiffelTower.jpg', 0);


INSERT INTO Photo
VALUES('world_firenze', '/pictures/world_firenze.jpg', 'jpg', '2015-09-14');


INSERT INTO Contain
VALUES(3, 'world_firenze', 'world_firenze.jpg', 1);


INSERT INTO Photo
VALUES('world_GreatWall', '/pictures/world_GreatWall.jpg', 'jpg', '2015-09-14');


INSERT INTO Contain
VALUES(3, 'world_GreatWall', 'world_GreatWall.jpg', 2);


INSERT INTO Photo
VALUES('world_Isfahan', '/pictures/world_Isfahan.jpg', 'jpg', '2015-09-14');


INSERT INTO Contain
VALUES(3, 'world_Isfahan', 'world_Isfahan.jpg', 3);


INSERT INTO Photo
VALUES('world_Istanbul', '/pictures/world_Istanbul.jpg', 'jpg', '2015-09-14');


INSERT INTO Contain
VALUES(3, 'world_Istanbul', 'world_Istanbul.jpg', 4);


INSERT INTO Photo
VALUES('world_Persepolis', '/pictures/world_Persepolis.jpg', 'jpg', '2015-09-14');


INSERT INTO Contain
VALUES(3, 'world_Persepolis', 'world_Persepolis.jpg', 5);


INSERT INTO Photo
VALUES('world_Reykjavik', '/pictures/world_Reykjavik.jpg', 'jpg', '2015-09-14');


INSERT INTO Contain
VALUES(3, 'world_Reykjavik', 'world_Reykjavik.jpg', 6);


INSERT INTO Photo
VALUES('world_Seoul', '/pictures/world_Seoul.jpg', 'jpg', '2015-09-14');


INSERT INTO Contain
VALUES(3, 'world_Seoul', 'world_Seoul.jpg', 7);


INSERT INTO Photo
VALUES('world_Stonehenge', '/pictures/world_Stonehenge.jpg', 'jpg', '2015-09-14');


INSERT INTO Contain
VALUES(3, 'world_Stonehenge', 'world_Stonehenge.jpg', 8);


INSERT INTO Photo
VALUES('world_TajMahal', '/pictures/world_TajMahal.jpg', 'jpg', '2015-09-14');


INSERT INTO Contain
VALUES(3, 'world_TajMahal', 'world_TajMahal.jpg', 9);


INSERT INTO Photo
VALUES('world_TelAviv', '/pictures/world_TelAviv.jpg', 'jpg', '2015-09-14');


INSERT INTO Contain
VALUES(3, 'world_TelAviv', 'world_TelAviv.jpg', 10);


INSERT INTO Photo
VALUES('world_tokyo', '/pictures/world_tokyo.jpg', 'jpg', '2015-09-14');


INSERT INTO Contain
VALUES(3, 'world_tokyo', 'world_tokyo.jpg', 11);


INSERT INTO Photo
VALUES('world_WashingtonDC', '/pictures/world_WashingtonDC.jpg', 'jpg', '2015-09-14');


INSERT INTO Contain
VALUES(3, 'world_WashingtonDC', 'world_WashingtonDC.jpg', 12);


INSERT INTO AlbumAccess 
VALUES (4, 'traveler');

